timestamp_utc,load1,load5,load15,selected_cpu_frequency_khz,max_thermal_millicelsius
2026-07-20T14:29:45Z,0.43,0.77,0.52,3831233,61000
2026-07-20T14:29:47Z,0.48,0.77,0.53,3890907,70000
2026-07-20T14:29:49Z,0.48,0.77,0.53,3891016,72000
2026-07-20T14:29:51Z,0.48,0.77,0.53,3890800,70000
2026-07-20T14:29:53Z,0.52,0.78,0.53,3890922,71000
2026-07-20T14:29:55Z,0.52,0.78,0.53,3891020,70000
2026-07-20T14:29:57Z,0.56,0.78,0.53,3890377,71000
2026-07-20T14:29:59Z,0.56,0.78,0.53,3890634,72000
2026-07-20T14:30:01Z,0.56,0.78,0.53,3891021,71000
2026-07-20T14:30:03Z,0.59,0.78,0.54,3890024,71000
2026-07-20T14:30:05Z,0.59,0.78,0.54,3890649,71000
2026-07-20T14:30:07Z,0.63,0.79,0.54,3890606,71000
2026-07-20T14:30:09Z,0.63,0.79,0.54,3890689,72000
2026-07-20T14:30:11Z,0.63,0.79,0.54,3890631,71000
2026-07-20T14:30:13Z,0.66,0.79,0.54,3890443,71000
2026-07-20T14:30:15Z,0.66,0.79,0.54,3890631,72000
2026-07-20T14:30:17Z,0.69,0.80,0.55,3890556,71000
2026-07-20T14:30:19Z,0.69,0.80,0.55,3891026,72000
2026-07-20T14:30:21Z,0.69,0.80,0.55,3891021,73000
2026-07-20T14:30:23Z,0.71,0.80,0.55,3890815,73000
2026-07-20T14:30:25Z,0.71,0.80,0.55,3891022,73000
2026-07-20T14:30:27Z,0.73,0.80,0.55,3890839,73000
2026-07-20T14:30:29Z,0.73,0.80,0.55,3889792,72000
2026-07-20T14:30:31Z,0.73,0.80,0.55,3890491,72000
2026-07-20T14:30:33Z,0.76,0.81,0.55,3890366,72000
2026-07-20T14:30:35Z,0.76,0.81,0.55,3891022,71000
2026-07-20T14:30:37Z,0.78,0.81,0.56,3891021,72000
2026-07-20T14:30:39Z,0.78,0.81,0.56,3890798,71000
2026-07-20T14:30:41Z,0.78,0.81,0.56,3890642,72000
2026-07-20T14:30:43Z,0.79,0.81,0.56,3890491,72000
2026-07-20T14:30:45Z,0.79,0.81,0.56,3890634,73000
2026-07-20T14:30:47Z,0.81,0.82,0.56,3890380,72000
2026-07-20T14:30:49Z,0.81,0.82,0.56,3890254,73000
2026-07-20T14:30:51Z,0.83,0.82,0.56,3890639,73000
2026-07-20T14:30:53Z,0.83,0.82,0.56,3890454,73000
2026-07-20T14:30:56Z,0.83,0.82,0.56,3890132,74000
2026-07-20T14:30:58Z,0.84,0.82,0.57,3890361,72000
2026-07-20T14:31:00Z,0.84,0.82,0.57,3891022,73000
2026-07-20T14:31:02Z,0.85,0.83,0.57,3890775,76000
2026-07-20T14:31:04Z,0.85,0.83,0.57,3890873,75000
2026-07-20T14:31:06Z,0.85,0.83,0.57,3890636,73000
2026-07-20T14:31:08Z,0.87,0.83,0.57,3890388,73000
2026-07-20T14:31:10Z,0.87,0.83,0.57,3890694,73000
2026-07-20T14:31:12Z,0.88,0.83,0.57,3890685,73000
2026-07-20T14:31:14Z,0.88,0.83,0.57,3890301,74000
2026-07-20T14:31:16Z,0.88,0.83,0.57,3890839,73000
2026-07-20T14:31:18Z,0.89,0.83,0.58,3890733,73000
2026-07-20T14:31:20Z,0.89,0.83,0.58,3891022,72000
2026-07-20T14:31:22Z,0.90,0.84,0.58,3890520,73000
2026-07-20T14:31:24Z,0.90,0.84,0.58,3890899,73000
2026-07-20T14:31:26Z,0.90,0.84,0.58,3891021,73000
2026-07-20T14:31:28Z,0.90,0.84,0.58,3890860,74000
2026-07-20T14:31:30Z,0.90,0.84,0.58,3891028,74000
2026-07-20T14:31:32Z,0.91,0.84,0.58,3890682,74000
2026-07-20T14:31:34Z,0.91,0.84,0.58,3890428,74000
2026-07-20T14:31:36Z,0.91,0.84,0.58,3890650,74000
2026-07-20T14:31:38Z,0.92,0.85,0.58,3890736,74000
2026-07-20T14:31:40Z,0.92,0.85,0.58,3890470,75000
2026-07-20T14:31:42Z,0.93,0.85,0.59,3890736,74000
2026-07-20T14:31:44Z,0.93,0.85,0.59,3890801,74000
2026-07-20T14:31:46Z,0.93,0.85,0.59,3891022,74000
2026-07-20T14:31:48Z,0.93,0.85,0.59,3891022,73000
2026-07-20T14:31:50Z,0.93,0.85,0.59,3891025,74000
2026-07-20T14:31:52Z,0.94,0.86,0.59,3891026,74000
2026-07-20T14:31:54Z,0.94,0.86,0.59,3890879,74000
2026-07-20T14:31:56Z,0.94,0.86,0.59,3890852,74000
2026-07-20T14:31:58Z,0.94,0.86,0.59,3890893,74000
2026-07-20T14:32:00Z,0.94,0.86,0.59,3890938,74000
2026-07-20T14:32:02Z,0.95,0.86,0.60,3891022,73000
2026-07-20T14:32:04Z,0.95,0.86,0.60,3890836,74000
2026-07-20T14:32:06Z,0.95,0.86,0.60,3891021,74000
2026-07-20T14:32:08Z,0.95,0.86,0.60,3891021,74000
2026-07-20T14:32:10Z,0.95,0.86,0.60,3891022,74000
2026-07-20T14:32:12Z,0.96,0.87,0.60,3890004,74000
2026-07-20T14:32:14Z,0.96,0.87,0.60,3891022,74000
2026-07-20T14:32:16Z,0.96,0.87,0.60,3890663,77000
2026-07-20T14:32:18Z,0.96,0.87,0.60,3890443,77000
2026-07-20T14:32:20Z,0.96,0.87,0.60,3890715,74000
2026-07-20T14:32:22Z,0.96,0.87,0.61,3890452,74000
2026-07-20T14:32:24Z,0.96,0.87,0.61,3890169,75000
2026-07-20T14:32:26Z,0.96,0.87,0.61,3890688,75000
2026-07-20T14:32:28Z,0.97,0.87,0.61,3890156,76000
2026-07-20T14:32:30Z,0.97,0.87,0.61,3890593,74000
2026-07-20T14:32:32Z,0.97,0.87,0.61,3890674,74000
2026-07-20T14:32:34Z,0.97,0.87,0.61,3890744,74000
2026-07-20T14:32:36Z,0.97,0.88,0.61,3890702,74000
2026-07-20T14:32:39Z,0.97,0.88,0.61,3890206,75000
2026-07-20T14:32:41Z,0.97,0.88,0.61,3869881,74000
2026-07-20T14:32:43Z,0.97,0.88,0.62,3890540,75000
2026-07-20T14:32:45Z,0.97,0.88,0.62,3890744,75000
2026-07-20T14:32:47Z,0.98,0.88,0.62,3890555,75000
2026-07-20T14:32:49Z,0.98,0.88,0.62,3890590,75000
2026-07-20T14:32:51Z,0.98,0.88,0.62,3890470,75000
2026-07-20T14:32:53Z,0.98,0.88,0.62,3890747,75000
2026-07-20T14:32:55Z,0.98,0.88,0.62,3890749,77000
2026-07-20T14:32:57Z,0.98,0.89,0.62,3890704,75000
2026-07-20T14:32:59Z,0.98,0.89,0.62,3890619,75000
2026-07-20T14:33:01Z,0.98,0.89,0.62,3890687,76000
2026-07-20T14:33:03Z,0.98,0.89,0.63,3890217,75000
2026-07-20T14:33:05Z,0.98,0.89,0.63,3888840,75000
2026-07-20T14:33:07Z,0.98,0.89,0.63,3890678,76000
2026-07-20T14:33:09Z,0.98,0.89,0.63,3890614,75000
2026-07-20T14:33:11Z,0.98,0.89,0.63,3890632,75000
2026-07-20T14:33:13Z,0.99,0.89,0.63,3890137,75000
2026-07-20T14:33:15Z,0.99,0.89,0.63,3890589,76000
2026-07-20T14:33:17Z,0.99,0.89,0.63,3890319,76000
2026-07-20T14:33:19Z,0.99,0.89,0.63,3890513,76000
2026-07-20T14:33:21Z,0.99,0.89,0.63,3890876,76000
2026-07-20T14:33:23Z,0.99,0.90,0.64,3890892,75000
2026-07-20T14:33:25Z,0.99,0.90,0.64,3889747,75000
2026-07-20T14:33:27Z,0.99,0.90,0.64,3891020,75000
2026-07-20T14:33:29Z,0.99,0.90,0.64,3891022,75000
2026-07-20T14:33:31Z,0.99,0.90,0.64,3891022,77000
2026-07-20T14:33:33Z,0.99,0.90,0.64,3891023,76000
2026-07-20T14:33:35Z,0.99,0.90,0.64,3890809,76000
2026-07-20T14:33:37Z,0.99,0.90,0.64,3890894,75000
2026-07-20T14:33:39Z,0.99,0.90,0.64,3891028,76000
2026-07-20T14:33:41Z,0.99,0.90,0.64,3891023,75000
2026-07-20T14:33:43Z,0.99,0.90,0.64,3890502,76000
2026-07-20T14:33:45Z,0.99,0.90,0.64,3890669,75000
2026-07-20T14:33:47Z,0.99,0.91,0.65,3890463,76000
2026-07-20T14:33:49Z,0.99,0.91,0.65,3891028,75000
2026-07-20T14:33:51Z,0.99,0.91,0.65,3891027,75000
2026-07-20T14:33:53Z,0.99,0.91,0.65,3890318,76000
2026-07-20T14:33:55Z,0.99,0.91,0.65,3890576,75000
2026-07-20T14:33:57Z,1.00,0.91,0.65,3890193,75000
2026-07-20T14:33:59Z,1.00,0.91,0.65,3890321,76000
2026-07-20T14:34:01Z,1.00,0.91,0.65,3890696,76000
2026-07-20T14:34:03Z,1.00,0.91,0.65,3890616,76000
2026-07-20T14:34:05Z,1.00,0.91,0.65,3890698,76000
2026-07-20T14:34:07Z,1.00,0.91,0.65,3890020,79000
2026-07-20T14:34:09Z,1.00,0.91,0.65,3890809,79000
2026-07-20T14:34:11Z,1.00,0.91,0.65,3890336,77000
2026-07-20T14:34:13Z,1.00,0.91,0.66,3890524,77000
2026-07-20T14:34:15Z,1.00,0.91,0.66,3890632,76000
2026-07-20T14:34:17Z,1.00,0.92,0.66,3890620,77000
2026-07-20T14:34:19Z,1.00,0.92,0.66,3890148,76000
2026-07-20T14:34:22Z,1.00,0.92,0.66,3890392,76000
2026-07-20T14:34:24Z,1.00,0.92,0.66,3890060,76000
2026-07-20T14:34:26Z,1.00,0.92,0.66,3890496,76000
2026-07-20T14:34:28Z,1.00,0.92,0.66,3890685,76000
2026-07-20T14:34:30Z,1.00,0.92,0.66,3890629,77000
2026-07-20T14:34:32Z,1.00,0.92,0.66,3889928,76000
2026-07-20T14:34:34Z,1.00,0.92,0.66,3890617,78000
2026-07-20T14:34:36Z,1.00,0.92,0.66,3890624,76000
2026-07-20T14:34:38Z,1.00,0.92,0.67,3890640,77000
2026-07-20T14:34:40Z,1.00,0.92,0.67,3890621,77000
2026-07-20T14:34:42Z,1.00,0.92,0.67,3890150,76000
2026-07-20T14:34:44Z,1.00,0.92,0.67,3890687,76000
2026-07-20T14:34:46Z,1.00,0.92,0.67,3890352,78000
2026-07-20T14:34:48Z,1.00,0.93,0.67,3890754,76000
2026-07-20T14:34:50Z,1.00,0.93,0.67,3890395,76000
2026-07-20T14:34:52Z,1.00,0.93,0.67,3890130,76000
2026-07-20T14:34:54Z,1.00,0.93,0.67,3890619,75000
2026-07-20T14:34:56Z,1.00,0.93,0.67,3890630,76000
2026-07-20T14:34:58Z,1.00,0.93,0.67,3890697,75000
2026-07-20T14:35:00Z,1.00,0.93,0.67,3890623,76000
2026-07-20T14:35:02Z,1.00,0.93,0.68,3890629,76000
2026-07-20T14:35:04Z,1.00,0.93,0.68,3890699,76000
2026-07-20T14:35:06Z,1.00,0.93,0.68,3890703,76000
2026-07-20T14:35:08Z,1.00,0.93,0.68,3890364,75000
2026-07-20T14:35:10Z,1.00,0.93,0.68,3890617,75000
2026-07-20T14:35:12Z,1.00,0.93,0.68,3890659,76000
2026-07-20T14:35:14Z,1.00,0.93,0.68,3890135,76000
2026-07-20T14:35:16Z,1.00,0.93,0.68,3890527,77000
2026-07-20T14:35:18Z,1.00,0.93,0.68,3890706,76000
2026-07-20T14:35:20Z,1.00,0.93,0.68,3890618,75000
2026-07-20T14:35:22Z,1.00,0.94,0.68,3890747,78000
2026-07-20T14:35:24Z,1.00,0.94,0.68,3890384,77000
2026-07-20T14:35:26Z,1.00,0.94,0.68,3890896,76000
2026-07-20T14:35:28Z,1.00,0.94,0.69,3890635,75000
2026-07-20T14:35:30Z,1.00,0.94,0.69,3890835,76000
2026-07-20T14:35:32Z,1.00,0.94,0.69,3890820,75000
2026-07-20T14:35:34Z,1.00,0.94,0.69,3891020,76000
2026-07-20T14:35:36Z,1.00,0.94,0.69,3890533,75000
2026-07-20T14:35:38Z,1.00,0.94,0.69,3890888,76000
2026-07-20T14:35:40Z,1.00,0.94,0.69,3890557,76000
2026-07-20T14:35:42Z,1.00,0.94,0.69,3890045,76000
2026-07-20T14:35:44Z,1.00,0.94,0.69,3891020,76000
2026-07-20T14:35:46Z,1.00,0.94,0.69,3890474,76000
2026-07-20T14:35:48Z,1.00,0.94,0.69,3890833,76000
2026-07-20T14:35:50Z,1.00,0.94,0.69,3890622,76000
2026-07-20T14:35:52Z,1.00,0.94,0.70,3890621,76000
2026-07-20T14:35:54Z,1.00,0.94,0.70,3891021,76000
2026-07-20T14:35:56Z,1.00,0.94,0.70,3890521,77000
2026-07-20T14:35:58Z,1.00,0.94,0.70,3891021,76000
2026-07-20T14:36:00Z,1.00,0.94,0.70,3890836,78000
2026-07-20T14:36:02Z,1.00,0.95,0.70,3891021,76000
2026-07-20T14:36:05Z,1.00,0.95,0.70,3891020,76000
2026-07-20T14:36:07Z,1.00,0.95,0.70,3890762,76000
2026-07-20T14:36:09Z,1.00,0.95,0.70,3891021,76000
2026-07-20T14:36:11Z,1.00,0.95,0.70,3890411,76000
2026-07-20T14:36:13Z,1.00,0.95,0.70,3891022,76000
2026-07-20T14:36:15Z,1.00,0.95,0.70,3890767,77000
2026-07-20T14:36:17Z,1.00,0.95,0.70,3891022,76000
2026-07-20T14:36:19Z,1.00,0.95,0.70,3891022,76000
2026-07-20T14:36:21Z,1.00,0.95,0.70,3890332,76000
2026-07-20T14:36:23Z,1.00,0.95,0.71,3891021,75000
2026-07-20T14:36:25Z,1.00,0.95,0.71,3891022,75000
2026-07-20T14:36:27Z,1.00,0.95,0.71,3891022,75000
2026-07-20T14:36:29Z,1.00,0.95,0.71,3890899,75000
2026-07-20T14:36:31Z,1.00,0.95,0.71,3890553,75000
2026-07-20T14:36:33Z,1.00,0.95,0.71,3890457,76000
2026-07-20T14:36:35Z,1.00,0.95,0.71,3891019,77000
2026-07-20T14:36:37Z,1.00,0.95,0.71,3891020,79000
2026-07-20T14:36:39Z,1.00,0.95,0.71,3891026,76000
2026-07-20T14:36:41Z,1.00,0.95,0.71,3891021,76000
2026-07-20T14:36:43Z,1.00,0.95,0.71,3890535,75000
2026-07-20T14:36:45Z,1.00,0.95,0.71,3891021,75000
2026-07-20T14:36:47Z,1.00,0.95,0.72,3891020,76000
2026-07-20T14:36:49Z,1.00,0.95,0.72,3890859,76000
2026-07-20T14:36:51Z,1.00,0.95,0.72,3891021,76000
2026-07-20T14:36:53Z,1.00,0.95,0.72,3890384,77000
2026-07-20T14:36:55Z,1.00,0.95,0.72,3891026,76000
2026-07-20T14:36:57Z,1.00,0.96,0.72,3891023,75000
2026-07-20T14:36:59Z,1.00,0.96,0.72,3891022,76000
2026-07-20T14:37:01Z,1.00,0.96,0.72,3891021,76000
2026-07-20T14:37:03Z,1.00,0.96,0.72,3890352,75000
2026-07-20T14:37:05Z,1.00,0.96,0.72,3891021,76000
2026-07-20T14:37:07Z,1.00,0.96,0.72,3891022,76000
2026-07-20T14:37:09Z,1.00,0.96,0.72,3890409,76000
2026-07-20T14:37:11Z,1.00,0.96,0.72,3890544,76000
2026-07-20T14:37:13Z,1.00,0.96,0.73,3891022,75000
