model,batch_size,requested_malicious_fraction,n,process_runs,actual_malicious_fraction,mean_us_total,mean_us_per_flow,median_us_per_flow,sd_us_per_flow,p95_us_per_flow,p99_us_per_flow,mean_throughput_flows_s
AB,1,0.0,360,12,0.0,7862.327505555555,7862.327505555555,7829.3279999999995,192.21466542911799,8249.431,8410.13579,127.26332305446545
AB,1,0.01,360,12,0.002777777777777778,7855.616311111111,7855.616311111111,7817.5585,193.747614465272,8262.238800000001,8411.24328,127.3730419309534
AB,1,0.05,360,12,0.07222222222222222,7849.098416666667,7849.098416666667,7814.3385,190.69063443037317,8271.57685,8441.427230000003,127.47608944227294
AB,1,0.1,360,12,0.12222222222222222,7853.286127777778,7853.286127777778,7807.1475,210.53039411182579,8297.707849999999,8479.042140000001,127.42347938263501
AB,1,0.5,360,12,0.49722222222222223,7852.5025,7852.5025,7817.7985,208.33499705103853,8260.795150000002,8393.15903,127.43393908089581
AB,1,1.0,360,12,1.0,7855.890286111111,7855.890286111111,7813.5045,195.3135674804142,8267.784650000001,8420.4179,127.36973647917215
AB,8,0.0,360,12,0.0,8067.731769444445,1008.4664711805556,1002.3808750000001,26.86333216169007,1063.50206875,1084.047805,992.2879097661038
AB,8,0.01,360,12,0.009375,8062.677749999999,1007.8347187499999,1002.5438125,26.635146571380016,1065.4754125,1083.25427125,992.900780675341
AB,8,0.05,360,12,0.04722222222222222,8058.242886111112,1007.280360763889,1004.3149375,25.908411561612684,1058.9312499999999,1080.3457787500001,993.4049992519032
AB,8,0.1,360,12,0.11041666666666666,8056.827791666667,1007.1034739583333,1003.0823125,24.40344493022531,1062.06779375,1076.6218487500003,993.5115889234451
AB,8,0.5,360,12,0.49444444444444446,8065.228005555556,1008.1535006944445,1004.1189999999999,24.482564850313487,1056.6570375,1078.4007225,992.483980466877
AB,8,1.0,360,12,1.0,8051.643944444444,1006.4554930555555,1002.8328750000001,22.78816845516444,1056.2887875000001,1075.98939375,994.0825289858178
AB,16,0.0,360,12,0.0,8114.178541666666,507.13615885416664,505.02140625000004,12.841345442756344,534.644328125,545.8262906250001,1973.0915581303072
AB,16,0.01,360,12,0.008680555555555556,8129.448525,508.0905328125,505.972125,13.493002922375164,535.7969312500001,546.7712381250001,1969.507098797146
AB,16,0.05,360,12,0.050868055555555555,8124.9372111111115,507.80857569444447,505.36346875000004,13.959314752187808,537.03815,555.3200337500001,1970.6763582130664
AB,16,0.1,360,12,0.10607638888888889,8111.095966666667,506.9434979166667,504.90071875,12.293118551863486,533.050409375,550.219710625,1973.7317964060703
AB,16,0.5,360,12,0.5026041666666666,8129.807377777777,508.1129611111111,504.658125,13.686999423259877,535.750175,548.003521875,1969.4511256926971
AB,16,1.0,360,12,1.0,8112.783508333334,507.04896927083337,504.561875,12.606502378676666,534.4911500000001,544.059155,1973.3815959541987
AB,32,0.0,360,12,0.0,8212.761027777779,256.6487821180556,255.197359375,6.57811981993021,270.14782187500003,276.6152209375,3898.855553344499
AB,32,0.01,360,12,0.009982638888888888,8202.027191666666,256.3133497395833,255.039609375,6.589569224906785,269.0308765625,275.8118471875,3903.9885262454723
AB,32,0.05,360,12,0.051909722222222225,8206.355008333332,256.4485940104166,255.414,6.223466143640364,268.2901765625,276.684810625,3901.6524041704088
AB,32,0.1,360,12,0.09956597222222222,8202.822977777778,256.33821805555556,255.113875,6.504725495796275,267.6004828125,277.9756953125,3903.5280880029018
AB,32,0.5,360,12,0.49375,8213.032011111112,256.65725034722226,255.336578125,6.890053752036241,270.2915,275.7631315625,3898.952890770619
AB,32,1.0,360,12,1.0,8192.40181388889,256.0125566840278,254.688828125,6.22956473053959,268.8632125,275.28150375,3908.313837557546
AB,64,0.0,360,12,0.0,8392.726436111112,131.13635056423612,130.6075078125,3.2809450323040625,137.91896484375,140.14898953125,7630.315983446124
AB,64,0.01,360,12,0.009548611111111112,8384.195022222222,131.00304722222222,130.5316328125,3.232396226603933,137.75299765625,140.95613140625,7637.945403386456
AB,64,0.05,360,12,0.048046875,8386.8657,131.0447765625,130.4175,3.204994598131443,137.374453125,139.66956015625001,7635.445332198414
AB,64,0.1,360,12,0.10234375,8408.564819444444,131.38382530381944,130.8423828125,3.610126005223844,138.82313671875,141.638936875,7616.853776533608
AB,64,0.5,360,12,0.5005208333333333,8399.81706111111,131.2471415798611,130.5978046875,3.244950892067151,137.6247453125,140.86471390625002,7623.7498525913115
AB,64,1.0,360,12,1.0,8371.295516666667,130.80149244791667,130.26103125,3.2722881319014343,137.36085937500002,141.30458015625,7649.841743751059
AB,100,0.0,360,12,0.0,8630.885552777778,86.30885552777778,86.041615,2.0738303318779456,90.283302,91.75594120000001,11592.849217610154
AB,100,0.01,360,12,0.010166666666666668,8643.129486111111,86.43129486111111,85.97455500000001,2.238422835167652,90.85993500000001,92.1166651,11577.430734750444
AB,100,0.05,360,12,0.04783333333333333,8646.714113888887,86.46714113888889,86.158395,2.17150342134952,90.57109650000001,92.5263338,11572.204932356246
AB,100,0.1,360,12,0.09894444444444443,8632.601525,86.32601525,86.02774,1.997592502355751,90.608282,92.6637499,11590.02754824235
AB,100,0.5,360,12,0.5027777777777778,8643.052166666666,86.43052166666666,86.078135,2.074627863616274,90.5549895,92.3017403,11576.507153280727
AB,100,1.0,360,12,1.0,8617.627975,86.17627974999999,85.87321999999999,2.103602007895359,90.06239400000001,92.3605609,11610.901196136043
DT,1,0.0,360,12,0.0,88.92550555555556,88.92550555555556,87.274,8.60880419099278,99.44420000000002,131.60379000000003,11327.165440458239
DT,1,0.01,360,12,0.005555555555555556,88.87431944444445,88.87431944444445,87.2885,8.77352370240851,102.20620000000001,127.52584000000022,11335.778439928736
DT,1,0.05,360,12,0.04722222222222222,89.86154444444445,89.86154444444445,88.01650000000001,9.348662561352905,106.82175000000001,128.69980000000007,11223.174852811855
DT,1,0.1,360,12,0.09444444444444444,89.13971944444444,89.13971944444444,87.682,9.083389677301334,103.0038,125.42074000000018,11308.656508301441
DT,1,0.5,360,12,0.4777777777777778,89.75643611111111,89.75643611111111,87.4805,11.162276304443576,105.14925000000007,143.86106000000004,11266.841618234357
DT,1,1.0,360,12,1.0,89.54795,89.54795,87.6115,10.10649479847979,103.42945000000005,137.41256000000007,11274.250719796259
DT,8,0.0,360,12,0.0,91.179225,11.397403125,11.0821875,1.362886041959996,13.470493750000001,17.280635000000007,88633.00440812396
DT,8,0.01,360,12,0.010069444444444445,91.74579999999999,11.468224999999999,11.1610625,1.2914522104488653,13.676031250000001,17.10018625,88059.45955783821
DT,8,0.05,360,12,0.05451388888888889,91.38193055555556,11.422741319444444,11.232125,1.0903272653569542,12.915543750000001,16.492265,88189.94910929647
DT,8,0.1,360,12,0.09826388888888889,92.3114361111111,11.538929513888888,11.2886875,1.3021330175159243,13.871868750000003,17.46381625,87490.17251547117
DT,8,0.5,360,12,0.4892361111111111,93.58078888888889,11.697598611111111,11.4035625,1.30935050124593,13.935668750000001,17.604130000000012,86297.78880215908
DT,8,1.0,360,12,1.0,93.28039166666666,11.660048958333332,11.512062499999999,0.9010193916852473,13.07358125,15.845006250000003,86201.97385657493
DT,16,0.0,360,12,0.0,92.013,5.7508125,5.6518125,0.575307022799342,6.926809375000001,8.466935625000003,175291.70543969463
DT,16,0.01,360,12,0.009548611111111112,92.7681888888889,5.798011805555556,5.6598125,0.6226064777144235,6.86733125,8.75783562500001,174037.295060538
DT,16,0.05,360,12,0.04982638888888889,92.36236666666666,5.772647916666666,5.7126875,0.4575406617174325,6.374115625,7.816170625,174136.79464201472
DT,16,0.1,360,12,0.10260416666666666,93.77630277777777,5.861018923611111,5.74865625,0.5769474342985996,6.7037812500000005,8.586525,171942.0582081308
DT,16,0.5,360,12,0.5112847222222222,96.68323333333333,6.042702083333333,5.9196875,0.6930973019864465,7.307290625,8.95526125000001,167141.97558917382
DT,16,1.0,360,12,1.0,97.56548055555555,6.097842534722222,5.958625,0.6922067634478148,7.185025,9.252876250000005,165560.70717166003
DT,32,0.0,360,12,0.0,93.75982777777777,2.9299946180555554,2.866265625,0.33318168584947705,3.5474265625,4.475142500000001,344689.3565540298
DT,32,0.01,360,12,0.01171875,94.67095555555557,2.9584673611111114,2.903078125,0.3086877770889667,3.6628437500000004,4.317629687500004,340955.00021089514
DT,32,0.05,360,12,0.04921875,94.89468611111111,2.9654589409722223,2.907109375,0.31822676737030586,3.54745625,4.375532812500003,340146.5836709852
DT,32,0.1,360,12,0.09869791666666666,96.73156944444443,3.0228615451388885,2.944390625,0.3305501688855494,3.5103671875000004,4.423336250000006,333878.47829374805
DT,32,0.5,360,12,0.49947916666666664,99.77628888888889,3.1180090277777777,3.066203125,0.2898416661443476,3.598278125,4.453726875000004,322925.08220482495
DT,32,1.0,360,12,1.0,103.96789166666666,3.248996614583333,3.16428125,0.34817175970911446,3.9900562500000003,4.634084375000004,310620.7828569719
DT,64,0.0,360,12,0.0,98.28362500000001,1.5356816406250002,1.495953125,0.1699498544572693,1.84111171875,2.1757575,657135.3766536743
DT,64,0.01,360,12,0.009461805555555555,97.85265555555556,1.5289477430555556,1.5088828125,0.12440925905924038,1.6959187500000001,2.119788125000003,657670.3509823643
DT,64,0.05,360,12,0.05065104166666667,99.40692222222222,1.5532331597222222,1.5277578125,0.15788776656218584,1.7331125000000003,2.36646109375,648873.3472861275
DT,64,0.1,360,12,0.09856770833333334,100.88521944444443,1.5763315538194442,1.5531015625,0.1400842214752937,1.8163445312500004,2.1688621875000003,638496.2900253484
DT,64,0.5,360,12,0.4984809027777778,107.51848333333334,1.6799763020833334,1.6472109375000001,0.1683357887961929,1.9815203125000003,2.4254060937500004,599974.3252178296
DT,64,1.0,360,12,1.0,112.78038333333333,1.7621934895833333,1.7411875,0.14444376766686215,1.99376640625,2.419986718750001,570691.1105399125
DT,100,0.0,360,12,0.0,101.53468055555555,1.0153468055555557,0.99735,0.10471599722983843,1.2510450000000004,1.4534516000000004,993310.0283498559
DT,100,0.01,360,12,0.010833333333333334,102.92389722222222,1.0292389722222222,1.0101200000000001,0.09201092598194484,1.1874055,1.3842608000000003,978097.1722903185
DT,100,0.05,360,12,0.050583333333333334,104.31139444444445,1.0431139444444446,1.02129,0.11023615544171846,1.2249510000000003,1.5465215000000012,966982.0735920898
DT,100,0.1,360,12,0.10133333333333334,106.50751666666666,1.0650751666666667,1.03939,0.11451113517505969,1.3306740000000001,1.5076888000000002,947539.2218470722
DT,100,0.5,360,12,0.4984166666666667,115.32537222222221,1.153253722222222,1.131475,0.11278648265740458,1.339441,1.6913416000000006,873643.6029534969
DT,100,1.0,360,12,1.0,123.37844444444444,1.2337844444444444,1.206725,0.12694081741125937,1.4832925000000003,1.7918459000000004,817250.6645812407
GB,1,0.0,360,12,0.0,227.103375,227.103375,219.6635,27.401729686492956,274.05605,312.08403000000004,4458.023672164625
GB,1,0.01,360,12,0.008333333333333333,226.90364166666666,226.90364166666666,219.6115,24.34543943763656,265.10375,304.06986000000023,4453.040334432331
GB,1,0.05,360,12,0.044444444444444446,225.7884861111111,225.7884861111111,219.32049999999998,23.0439759221503,263.04315,301.5215900000001,4470.411699237486
GB,1,0.1,360,12,0.10833333333333334,225.76305833333333,225.76305833333333,218.6935,25.664016634384385,263.86835,299.1203500000005,4478.895712718197
GB,1,0.5,360,12,0.46111111111111114,226.11273055555554,226.11273055555554,221.284,24.899143791862937,262.66725,305.6250000000001,4469.568939223949
GB,1,1.0,360,12,1.0,230.035775,230.035775,221.315,30.51868773207577,275.76800000000003,359.17816000000016,4409.4829868804945
GB,8,0.0,360,12,0.0,235.3249138888889,29.41561423611111,28.736375,3.312109900785085,34.2793125,42.09907875000006,34375.825276960706
GB,8,0.01,360,12,0.015277777777777777,235.4567166666667,29.432089583333337,28.686437499999997,3.1577494923748843,34.051356250000005,40.05760000000001,34321.97425744603
GB,8,0.05,360,12,0.05520833333333333,235.44833055555557,29.431041319444446,28.67125,3.125305962540458,35.27738125,38.87618625000001,34324.746729510305
GB,8,0.1,360,12,0.09513888888888888,237.55345555555556,29.694181944444445,28.697375,3.542953652799423,36.782225000000004,41.11008375,34085.4454374367
GB,8,0.5,360,12,0.5003472222222223,238.35747500000002,29.794684375000003,28.91525,3.1682278504666916,36.52310625,39.016113750000045,33907.432375207376
GB,8,1.0,360,12,1.0,235.4170388888889,29.427129861111112,28.468625000000003,3.0503150834402675,35.1739125,38.68550375,34311.122360462185
GB,16,0.0,360,12,0.0,240.3971361111111,15.024821006944444,14.58171875,1.6812653351961173,18.03775,21.009955625000014,67304.75920120292
GB,16,0.01,360,12,0.009548611111111112,239.48013888888892,14.967508680555557,14.5001875,1.5578193132593787,17.685203125,20.633580625000004,67465.5009927853
GB,16,0.05,360,12,0.050694444444444445,240.960575,15.0600359375,14.69384375,1.671895008347379,18.060490625000003,20.11649937500002,67110.275158869
GB,16,0.1,360,12,0.09461805555555555,239.9946138888889,14.999663368055556,14.60696875,1.4644223307538156,17.8656,19.349921875000003,67239.4667336214
GB,16,0.5,360,12,0.5067708333333333,243.68708611111109,15.230442881944443,14.74125,1.549835083224176,18.0504375,20.529468125000008,66270.17875252501
GB,16,1.0,360,12,1.0,241.07392777777778,15.067120486111111,14.588125,1.5855589421653071,17.942221875,20.730657500000035,67015.08868845303
GB,32,0.0,360,12,0.0,249.8204277777778,7.8068883680555565,7.547375000000001,0.8304780893229626,9.2669328125,10.267951875000008,129399.24836717747
GB,32,0.01,360,12,0.007725694444444445,252.03473333333335,7.876085416666667,7.626578125,0.8927824159709525,9.5874984375,10.790791250000002,128420.82406829005
GB,32,0.05,360,12,0.04861111111111111,253.5930361111111,7.924782378472222,7.659703125,0.9191485738632914,9.5293328125,11.306390937500003,127655.36547925226
GB,32,0.1,360,12,0.09930555555555555,252.79750555555555,7.899922048611111,7.6485625,0.9373016029249486,9.7282875,11.25003187500001,128044.37503191452
GB,32,0.5,360,12,0.4984375,258.13826666666665,8.066820833333333,7.859875000000001,0.7845653625171538,9.5181578125,10.692558125,125021.0376913552
GB,32,1.0,360,12,1.0,252.69163888888892,7.896613715277779,7.652468750000001,0.7833116529930476,9.1634125,10.312206250000003,127735.62008921047
GB,64,0.0,360,12,0.0,266.56393888888886,4.165061545138888,4.0621640625,0.3709763568391406,4.862540625,5.1365106250000006,241870.48232947369
GB,64,0.01,360,12,0.010416666666666666,267.3626972222222,4.177542144097222,4.041890625,0.44096226422737655,4.8693828125000005,6.15219734375,241641.37942355027
GB,64,0.05,360,12,0.04934895833333333,270.87829444444446,4.232473350694445,4.1631484375,0.36049893636668395,4.88601796875,5.1393446875,237909.99551399105
GB,64,0.1,360,12,0.10104166666666667,272.3033555555555,4.254739930555555,4.162703125,0.42343586168572334,4.8203851562499995,5.419940000000001,236985.59305348285
GB,64,0.5,360,12,0.5017795138888889,284.06338611111113,4.438490407986111,4.3408750000000005,0.40112052376807367,5.16754765625,5.520531250000004,226994.4250116504
GB,64,1.0,360,12,1.0,278.1723166666667,4.346442447916667,4.2420546875,0.41551825578288243,5.0196382812500016,6.052936718750004,231912.29235528118
GB,100,0.0,360,12,0.0,289.28486388888894,2.8928486388888888,2.8151450000000002,0.2753036398554164,3.3860155,3.8395491000000015,348532.34734569484
GB,100,0.01,360,12,0.010361111111111111,288.3188138888889,2.8831881388888894,2.80877,0.2613261293817379,3.3680395,3.726387700000001,349399.7411607997
GB,100,0.05,360,12,0.052083333333333336,294.8014111111111,2.9480141111111116,2.887535,0.28317847032575094,3.396548,3.847152000000002,341883.60314101016
GB,100,0.1,360,12,0.09958333333333334,295.8891694444444,2.9588916944444446,2.886045,0.2642158812598784,3.4516665000000004,3.8357764000000016,340393.66648670525
GB,100,0.5,360,12,0.49588888888888893,314.85879166666666,3.1485879166666666,3.0741300000000003,0.2886587440263847,3.6552345,4.205448200000001,319972.23899468547
GB,100,1.0,360,12,1.0,304.86105555555554,3.048610555555556,2.974755,0.27311505618003806,3.5054890000000003,4.120338800000001,330356.01330571953
LoR,1,0.0,360,12,0.0,155.12424444444446,155.12424444444446,151.704,13.887230911773049,181.6063,207.1722,6492.538034842232
LoR,1,0.01,360,12,0.011111111111111112,155.2041861111111,155.2041861111111,151.5315,14.629849890849048,181.9516,204.66712000000018,6491.556211241056
LoR,1,0.05,360,12,0.041666666666666664,155.2952361111111,155.2952361111111,151.8065,14.82181811038375,184.28145000000004,209.0962,6489.462086646768
LoR,1,0.1,360,12,0.10555555555555556,155.90119444444446,155.90119444444446,151.78300000000002,15.969598718922867,187.03265000000002,217.01912000000004,6469.837424233069
LoR,1,0.5,360,12,0.5361111111111111,156.96618055555555,156.96618055555555,151.59500000000003,18.880108597108702,192.51065,237.09468000000038,6442.552860756445
LoR,1,1.0,360,12,1.0,155.11600833333333,155.11600833333333,150.2135,16.96032161598002,186.28305000000003,215.94577000000004,6508.517921295802
LoR,8,0.0,360,12,0.0,158.8187,19.8523375,19.2071875,2.1791639288047517,23.505806250000003,28.249782500000023,50865.63538069644
LoR,8,0.01,360,12,0.011805555555555555,159.12564999999998,19.890706249999997,19.31725,2.112947965515185,23.625737500000007,27.86857625000002,50736.48232066773
LoR,8,0.05,360,12,0.043402777777777776,158.60729722222223,19.82591215277778,19.1623125,1.9654878126373414,23.528775,27.75915625,50863.074922215776
LoR,8,0.1,360,12,0.096875,157.89225833333333,19.736532291666666,19.312687500000003,1.7843198992411502,23.6360625,26.007528750000002,51031.40403178063
LoR,8,0.5,360,12,0.5072916666666667,159.98529722222221,19.998162152777777,19.3960625,2.0218575725678285,24.253031250000003,27.833790000000008,50432.963155795456
LoR,8,1.0,360,12,1.0,156.86939444444445,19.608674305555557,19.0338125,1.9014065517399257,23.160043750000003,27.10740500000002,51394.97289682486
LoR,16,0.0,360,12,0.0,159.34335555555555,9.958959722222222,9.72378125,0.9402023229977476,11.8952,13.551746250000011,101187.28876596561
LoR,16,0.01,360,12,0.008680555555555556,159.43529722222223,9.96470607638889,9.72515625,0.9624563388109147,11.881146875000002,13.32797500000001,101141.5362412933
LoR,16,0.05,360,12,0.0546875,160.01990555555554,10.001244097222221,9.747250000000001,0.9507626798903068,11.842065625000002,14.090608125,100750.55451504307
LoR,16,0.1,360,12,0.09774305555555556,160.56464444444444,10.035290277777777,9.72328125,0.949724957484811,12.178162500000001,13.052666250000001,100426.03962083327
LoR,16,0.5,360,12,0.5,160.92084722222222,10.057552951388889,9.79734375,0.8822649002067885,11.87190625,12.871139375000006,100103.76419485806
LoR,16,1.0,360,12,1.0,159.39450555555555,9.962156597222222,9.67346875,0.9903117148813906,11.526946875,14.402968750000026,101181.20676759016
LoR,32,0.0,360,12,0.0,163.2058111111111,5.100181597222222,4.92090625,0.5441441673056207,6.0737828125,7.3555896875,197931.22739209648
LoR,32,0.01,360,12,0.00920138888888889,162.30857222222224,5.072142881944445,4.92928125,0.5114612379797787,5.9364484375,7.243818125000004,198764.23396308316
LoR,32,0.05,360,12,0.04982638888888889,162.40413611111111,5.075129253472222,4.960515624999999,0.4307851631264929,5.8894171875,6.442116875000002,198274.69621356743
LoR,32,0.1,360,12,0.09991319444444445,163.64891388888887,5.114028559027777,4.997328124999999,0.470445416392157,6.1779484375000004,6.837005000000004,196978.46208803667
LoR,32,0.5,360,12,0.5017361111111112,163.68889444444446,5.115277951388889,4.947421875,0.5893149194849295,6.3256921875,7.552769375000009,197476.55975749175
LoR,32,1.0,360,12,1.0,161.04840833333336,5.032762760416667,4.8896875,0.4653513423425181,5.957059375,6.750534375000003,200152.9664309926
LoR,64,0.0,360,12,0.0,168.52214444444445,2.6331585069444445,2.543828125,0.31766160625350026,3.18822109375,3.9306656250000014,384012.4644645837
LoR,64,0.01,360,12,0.009678819444444445,168.38062777777776,2.6309473090277775,2.5707421875,0.26082346958473385,3.1398539062500004,3.551340468750001,383124.805088774
LoR,64,0.05,360,12,0.048741319444444445,169.76027222222223,2.6525042534722223,2.5699843749999998,0.2681981064516458,3.16397734375,3.5828142187500016,380247.99280360696
LoR,64,0.1,360,12,0.10078125,167.5001611111111,2.617190017361111,2.547421875,0.2240131852529294,3.0980875,3.337062343750001,384476.13091121323
LoR,64,0.5,360,12,0.4993923611111111,168.22900555555557,2.628578211805556,2.5543515625,0.2569192782739863,3.0737429687500004,3.6032384375000004,383415.5487863533
LoR,64,1.0,360,12,1.0,166.06261388888888,2.5947283420138887,2.5171171875000002,0.24957171833816258,3.0518414062500003,3.5315348437500007,388326.0295323894
LoR,100,0.0,360,12,0.0,172.64730555555556,1.7264730555555556,1.6842199999999998,0.15017732761239005,2.0138365,2.261884600000001,583047.0092774866
LoR,100,0.01,360,12,0.009027777777777777,174.10388333333333,1.7410388333333335,1.6973500000000001,0.16222707527020336,2.0802655,2.322460200000005,578673.2847976594
LoR,100,0.05,360,12,0.049861111111111106,173.5122638888889,1.7351226388888887,1.688555,0.15320856622735,2.065383,2.2896242000000013,580227.905132818
LoR,100,0.1,360,12,0.10141666666666665,174.7945222222222,1.747945222222222,1.70064,0.15947417618232504,2.0766915000000004,2.313044100000001,576221.5031818186
LoR,100,0.5,360,12,0.4951944444444445,174.75904444444444,1.7475904444444446,1.699195,0.16304230856771146,2.0220279999999997,2.4030050000000043,576468.4129517528
LoR,100,1.0,360,12,1.0,172.65743055555555,1.7265743055555554,1.68459,0.15516466649045135,2.045559,2.2672480000000004,583162.9932543035
MLP,1,0.0,360,12,0.0,177.66426666666666,177.66426666666666,172.015,19.488907494158763,214.61245000000002,251.56042000000005,5685.156932939571
MLP,1,0.01,360,12,0.005555555555555556,176.32472777777778,176.32472777777778,172.6815,16.75749554646384,207.68735,238.50098000000003,5716.080515473704
MLP,1,0.05,360,12,0.07222222222222222,177.7927611111111,177.7927611111111,172.4545,19.24260968433503,217.18560000000002,253.6917700000001,5680.934640345835
MLP,1,0.1,360,12,0.08611111111111111,177.36271944444445,177.36271944444445,172.25150000000002,18.16215374644124,209.88975000000002,237.08300000000028,5689.170884981234
MLP,1,0.5,360,12,0.4888888888888889,176.38379444444445,176.38379444444445,172.4135,17.281433682399996,213.60795,237.42716000000001,5717.187462839411
MLP,1,1.0,360,12,1.0,176.32973611111112,176.32973611111112,171.3655,18.65740346200661,210.44675,254.14091000000002,5723.978832934774
MLP,8,0.0,360,12,0.0,185.84798055555555,23.230997569444444,22.8239375,2.3975823139309558,27.958325000000002,32.16548750000003,43430.71416426868
MLP,8,0.01,360,12,0.00798611111111111,187.56494444444445,23.445618055555556,22.553125,2.6450956579714338,28.489468750000004,31.968857500000016,43116.107628421545
MLP,8,0.05,360,12,0.05659722222222222,186.474125,23.309265625,22.784062499999997,2.3030552682962813,27.197781250000002,31.23981875000004,43248.100723065145
MLP,8,0.1,360,12,0.103125,188.35886388888892,23.544857986111115,22.871312500000002,2.530368624196486,28.016475,32.94041125000001,42881.39910295943
MLP,8,0.5,360,12,0.5100694444444445,189.40628055555555,23.675785069444444,23.249875000000003,2.0447557562779526,27.22561875,29.132073750000004,42527.36340594116
MLP,8,1.0,360,12,1.0,188.63821666666666,23.579777083333333,23.0025625,2.7159113797737655,28.407493750000004,34.02950500000002,42886.117866797904
MLP,16,0.0,360,12,0.0,193.333575,12.0833484375,11.716999999999999,1.4524395160442871,14.349334375000002,17.626660625,83704.1226842522
MLP,16,0.01,360,12,0.012152777777777778,190.27345277777778,11.892090798611111,11.57875,1.0842464666443936,14.058140625,15.418911875000003,84714.65347891282
MLP,16,0.05,360,12,0.04583333333333333,193.49581666666668,12.093488541666668,11.745437500000001,1.3705059948132556,14.6721,17.314058125000003,83583.40306748555
MLP,16,0.1,360,12,0.10642361111111111,194.44799166666667,12.152999479166667,11.71378125,1.496358813122073,14.757871875000001,17.832137500000066,83266.41998636408
MLP,16,0.5,360,12,0.49774305555555554,192.6554027777778,12.040962673611112,11.79640625,1.2139434687528512,14.248365625,17.054553125000005,83767.0346324333
MLP,16,1.0,360,12,1.0,192.15881666666667,12.009926041666667,11.714500000000001,1.2635912539704768,14.434353125000001,16.60751125,84063.3947129791
MLP,32,0.0,360,12,0.0,201.77565833333333,6.305489322916666,6.1376718750000006,0.6353654752496624,7.573076562500001,8.663182812500004,159985.53538290443
MLP,32,0.01,360,12,0.011024305555555556,203.09000555555556,6.346562673611111,6.197625,0.6373720925067398,7.5621125,8.67482062500001,158953.8402424268
MLP,32,0.05,360,12,0.05008680555555556,202.70528333333334,6.334540104166667,6.16821875,0.6303040252144225,7.565090625000001,8.687924062500008,159210.72692362466
MLP,32,0.1,360,12,0.10460069444444445,203.10660000000001,6.3470812500000005,6.21115625,0.5857732552541021,7.503287500000001,8.101503750000001,158760.98611901133
MLP,32,0.5,360,12,0.5013020833333334,202.15720277777777,6.317412586805555,6.171046875,0.610606699378796,7.471284375000001,8.411197187500008,159542.22292602158
MLP,32,1.0,360,12,1.0,202.35520833333334,6.323600260416667,6.179359375000001,0.6400528334959655,7.4785125,8.635430000000001,159511.42843738705
MLP,64,0.0,360,12,0.0,220.60991944444444,3.4470299913194444,3.3795546875,0.3253128604463606,4.113815625,4.670275468750002,292376.05713056866
MLP,64,0.01,360,12,0.009288194444444444,220.87055555555554,3.4511024305555553,3.362625,0.3612721830761815,4.0940703125,4.824377187500002,292353.130416795
MLP,64,0.05,360,12,0.04900173611111111,220.77671388888888,3.4496361545138887,3.3789453125,0.3300734951366904,4.099344531250001,4.5640600000000004,292176.95895207505
MLP,64,0.1,360,12,0.10047743055555555,220.97803333333334,3.4527817708333335,3.3998828125,0.3212199878814429,4.00647109375,4.65540921875,291798.7368297933
MLP,64,0.5,360,12,0.496484375,220.5030611111111,3.445360329861111,3.3658828124999998,0.3114897228793901,4.075934375,4.348312656250004,292384.2507117509
MLP,64,1.0,360,12,1.0,219.91520555555556,3.4361750868055556,3.3452109375,0.3851234438813082,4.1530234375,4.905746093750012,293995.61549789883
MLP,100,0.0,360,12,0.0,241.90072777777777,2.419007277777778,2.35496,0.24962080002329123,2.9063185000000002,3.2446271000000015,416992.7651133704
MLP,100,0.01,360,12,0.00988888888888889,239.3587888888889,2.393587888888889,2.3476800000000004,0.19074094988110835,2.7911955,3.0407201,420182.2751870373
MLP,100,0.05,360,12,0.0495,239.60165,2.3960165,2.33052,0.22321858707333017,2.757566,3.260217300000006,420337.12124904915
MLP,100,0.1,360,12,0.0968888888888889,239.71478888888888,2.397147888888889,2.345565,0.18888369898002738,2.7638350000000003,3.005882700000001,419523.40604680567
MLP,100,0.5,360,12,0.5073333333333334,242.77483888888887,2.427748388888889,2.36981,0.21253384882152332,2.8867465,3.1132037,414765.68614252337
MLP,100,1.0,360,12,1.0,241.09061666666668,2.410906166666667,2.366,0.2152132107339163,2.8401675,3.1811340000000015,417696.5987296905
NB,1,0.0,360,12,0.0,108.4738611111111,108.4738611111111,106.7055,10.891554823134117,125.99329999999999,154.23965,9294.236712419874
NB,1,0.01,360,12,0.019444444444444445,108.65602777777778,108.65602777777778,106.077,11.146925307447395,123.06870000000002,155.45792000000006,9277.362419052302
NB,1,0.05,360,12,0.05,109.5850138888889,109.5850138888889,105.34,12.360959146751583,140.17790000000002,156.4077000000002,9220.256372440277
NB,1,0.1,360,12,0.09166666666666666,108.43309166666667,108.43309166666667,106.0815,10.400261512939702,127.29540000000003,153.40416000000027,9291.340571968556
NB,1,0.5,360,12,0.48333333333333334,108.52470555555556,108.52470555555556,106.21950000000001,10.506527375647657,121.28600000000002,150.55095000000023,9280.507386651056
NB,1,1.0,360,12,1.0,107.43454444444446,107.43454444444446,105.465,9.651710450587222,121.48705,150.78918000000004,9370.516654823323
NB,8,0.0,360,12,0.0,116.61410277777777,14.576762847222222,14.1398125,1.82382424083921,17.8453,21.570001250000026,69363.5961349689
NB,8,0.01,360,12,0.011805555555555555,117.55767777777778,14.694709722222223,14.297,1.6026543664246433,18.00084375,21.854643750000022,68705.77063808347
NB,8,0.05,360,12,0.05243055555555556,116.0909,14.5113625,14.183375,1.2807384009581029,16.904156250000003,18.976156250000017,69366.71123709055
NB,8,0.1,360,12,0.09826388888888889,116.47122222222222,14.558902777777778,14.228875,1.349745574269598,17.2159875,19.72547250000002,69182.75595836208
NB,8,0.5,360,12,0.5052083333333334,117.79760833333334,14.724701041666668,14.3265625,1.5569202946154534,18.157568750000003,21.1398775,68531.489480651
NB,8,1.0,360,12,1.0,115.32749722222222,14.415937152777778,14.066625,1.387441288689781,16.63330625,19.893657500000003,69899.00512566409
NB,16,0.0,360,12,0.0,120.32621944444443,7.520388715277777,7.29721875,0.7682083692304511,8.870509375,10.96336000000001,134115.8577766256
NB,16,0.01,360,12,0.009548611111111112,118.86373333333334,7.428983333333334,7.30815625,0.6194280349389386,8.341675,9.987310625000012,135380.7981708578
NB,16,0.05,360,12,0.049479166666666664,119.18775,7.449234375,7.28984375,0.6709815272326737,8.7117875,10.339080000000004,135155.79130865732
NB,16,0.1,360,12,0.09878472222222222,119.39095555555555,7.461934722222222,7.2521875,0.8048873833356981,8.578884375000001,10.533605625000002,135154.14023444813
NB,16,0.5,360,12,0.4956597222222222,120.73727500000001,7.546079687500001,7.35696875,0.8813140506821784,8.769784375000002,11.684151250000008,133846.50461114023
NB,16,1.0,360,12,1.0,118.61283611111111,7.413302256944444,7.24290625,0.6778534567404411,8.484090625,10.408903125000002,135832.2308593585
NB,32,0.0,360,12,0.0,125.53876666666666,3.923086458333333,3.83125,0.39548626972808626,4.813229687500001,5.305130625000002,257021.44429326584
NB,32,0.01,360,12,0.009288194444444444,125.16850833333334,3.9115158854166667,3.81321875,0.4038712319378609,4.8303078125,5.5701825,257844.8975496195
NB,32,0.05,360,12,0.05008680555555556,125.18332777777778,3.9119789930555555,3.833875,0.35374125848954396,4.365726562500001,5.536848437500002,257306.963289291
NB,32,0.1,360,12,0.10190972222222222,125.34099722222221,3.916906163194444,3.8678749999999997,0.3297385092314825,4.387878125,5.213881250000001,256819.4967534932
NB,32,0.5,360,12,0.50234375,126.60743611111113,3.9564823784722227,3.860890625,0.4053399901137858,4.837801562500001,5.3987034375,254860.78610400003
NB,32,1.0,360,12,1.0,124.59109722222222,3.8934717881944443,3.797265625,0.408012597661771,4.8219328125,5.606988750000004,259091.9199864872
NB,64,0.0,360,12,0.0,134.2930861111111,2.098329470486111,2.0646328125,0.163642047472357,2.4003039062500005,2.7728437500000007,479095.0103020492
NB,64,0.01,360,12,0.009461805555555555,135.816425,2.122131640625,2.081453125,0.18995128645492712,2.5199625000000005,2.8323535937499997,474403.6823151665
NB,64,0.05,360,12,0.05065104166666667,135.3930777777778,2.115516840277778,2.060421875,0.19282987121664308,2.5688890625000003,2.9565296875000002,475910.5101476238
NB,64,0.1,360,12,0.09696180555555556,136.38715277777777,2.1310492621527777,2.0853984375000003,0.20006274945978433,2.5181484375000003,3.0408117187500006,472609.11797906284
NB,64,0.5,360,12,0.5049045138888889,135.27649166666666,2.1136951822916665,2.0763046875,0.16054761885069005,2.4396226562500005,2.7447621875000006,475457.44449080725
NB,64,1.0,360,12,1.0,135.7900527777778,2.121719574652778,2.0564296874999997,0.23356979676962272,2.5284468750000006,3.004728281250002,475629.11266064836
NB,100,0.0,360,12,0.0,147.93730833333333,1.4793730833333332,1.4488050000000001,0.13305873563964485,1.6866145,1.9992718000000003,680272.4737629396
NB,100,0.01,360,12,0.010583333333333333,148.43252222222222,1.4843252222222223,1.4549150000000002,0.1229888648376152,1.763287,2.0020322000000004,677663.9158661072
NB,100,0.05,360,12,0.050361111111111106,150.53586388888888,1.505358638888889,1.464015,0.14391980014836003,1.8270840000000002,1.9752384000000007,669377.7186059355
NB,100,0.1,360,12,0.10102777777777777,149.32189722222222,1.4932189722222224,1.458005,0.15703884114685046,1.781808,2.147102500000001,675286.2764618088
NB,100,0.5,360,12,0.5016111111111111,150.64532777777777,1.5064532777777777,1.460985,0.15204977150542845,1.8131680000000001,2.0817016000000006,669457.1589835334
NB,100,1.0,360,12,1.0,148.4101861111111,1.484101861111111,1.455905,0.12800087655789974,1.7288340000000002,1.9506283000000013,678103.7587897314
RF,1,0.0,360,12,0.0,3043.673013888889,3043.673013888889,3019.9745000000003,111.98423280874414,3258.5669500000004,3478.6309900000006,328.9665427556413
RF,1,0.01,360,12,0.025,3042.806675,3042.806675,3020.135,111.08283476680813,3269.4884,3396.5322800000004,329.06046781853394
RF,1,0.05,360,12,0.04722222222222222,3053.176838888889,3053.176838888889,3036.0075,114.92631893285304,3272.19835,3464.9048100000005,327.96741188951876
RF,1,0.1,360,12,0.10833333333333334,3048.173638888889,3048.173638888889,3019.3595,114.18164299744606,3266.5023,3486.6970800000004,328.4958440363499
RF,1,0.5,360,12,0.4888888888888889,3054.2146694444446,3054.2146694444446,3033.2529999999997,106.96487683294754,3248.5851000000002,3476.9019700000013,327.7912353121576
RF,1,1.0,360,12,1.0,3070.560338888889,3070.560338888889,3050.9885,105.2507122848571,3293.3499000000006,3439.43688,326.0360673010349
RF,8,0.0,360,12,0.0,3127.6778,390.959725,388.6809375,15.406426409307725,422.14179375000003,446.0247300000001,2561.561171869482
RF,8,0.01,360,12,0.006944444444444444,3135.7705416666668,391.97131770833334,388.31881250000004,15.679334000988204,427.36037500000003,444.1925800000001,2555.0679519631144
RF,8,0.05,360,12,0.05243055555555556,3146.787483333333,393.34843541666663,390.3903125,16.729878635553113,431.94893125,446.36154625,2546.6030983614905
RF,8,0.1,360,12,0.10069444444444445,3168.7081972222218,396.0885246527777,393.6598125,16.198062340188876,425.226475,456.80011125000016,2528.6891134912553
RF,8,0.5,360,12,0.5017361111111112,3269.0538305555556,408.63172881944445,406.9615625,15.710948475069051,435.65697500000005,455.76682500000004,2450.6729300700094
RF,8,1.0,360,12,1.0,3377.366230555556,422.1707788194445,419.6333125,16.692276591201498,461.985,479.34364125,2372.2092454565777
RF,16,0.0,360,12,0.0,3201.8274499999998,200.11421562499999,198.59134375000002,8.700165352062978,216.82533125,230.08740937500005,5006.099829003777
RF,16,0.01,360,12,0.008854166666666666,3203.0857416666668,200.19285885416667,198.97481249999998,8.498349258651896,218.719553125,226.484373125,5003.7350482182865
RF,16,0.05,360,12,0.04878472222222222,3224.205375,201.5128359375,199.78346875,8.609514037757199,219.35541250000003,229.70855,4971.096512404815
RF,16,0.1,360,12,0.10017361111111112,3251.054913888889,203.19093211805557,201.92428125,8.477005548147925,219.62391250000002,231.41931812500005,4929.666672626892
RF,16,0.5,360,12,0.5010416666666667,3455.2505222222226,215.9531576388889,215.0198125,8.363534803055316,233.30765,239.55865625000007,4637.358372705389
RF,16,1.0,360,12,1.0,3626.361080555556,226.64756753472224,225.0156875,9.628049187326607,246.70066875,255.555045,4419.178045077823
RF,32,0.0,360,12,0.0,3323.1418916666667,103.84818411458333,103.5226875,4.0121777206964735,110.5318421875,117.0120690625,9643.347993788535
RF,32,0.01,360,12,0.00920138888888889,3319.8123555555558,103.74413611111112,103.54193749999999,3.823029860535615,110.14748750000001,114.71402093750004,9651.84317720198
RF,32,0.05,360,12,0.04852430555555556,3362.629347222222,105.08216710069443,104.52425,4.540855089975534,112.81085468750001,121.5985465625,9533.271325519347
RF,32,0.1,360,12,0.09965277777777778,3417.75065,106.8047078125,106.16248437499999,4.656223167382486,115.54556875,120.15872406250001,9380.18768501026
RF,32,0.5,360,12,0.49618055555555557,3741.3804694444448,116.9181396701389,116.202296875,5.321105186844589,128.4269875,133.87115250000002,8569.963091244423
RF,32,1.0,360,12,1.0,4021.079733333333,125.65874166666666,125.165828125,4.532768630153376,134.6152625,140.838215,7967.9995339966445
RF,64,0.0,360,12,0.0,3538.5889916666665,55.290452994791664,55.0176953125,2.427194752611582,60.39191953125,63.115457812500004,18119.888795902643
RF,64,0.01,360,12,0.010460069444444444,3579.301363888889,55.92658381076389,55.7152734375,2.502182380693809,60.23309765625,63.28570046875001,17915.442724756682
RF,64,0.05,360,12,0.04848090277777778,3629.9859333333334,56.718530208333334,56.345468749999995,2.4750308242732184,60.898977343750005,65.00984781250003,17663.02667448998
RF,64,0.1,360,12,0.1017795138888889,3739.100391666667,58.42344361979167,58.0473515625,2.7169006742143074,63.632143750000004,66.79419812500001,17152.042523602853
RF,64,0.5,360,12,0.49440104166666665,4239.125286111112,66.23633259548612,65.8531796875,2.537084686907526,71.23922421875001,73.93743953125,15118.78966777281
RF,64,1.0,360,12,1.0,4695.249194444445,73.36326866319445,72.980921875,2.5922245462251756,79.15696875,81.840963125,13647.135693486294
RF,100,0.0,360,12,0.0,3780.3258972222225,37.803258972222224,37.687545,1.6102169688439445,40.615807499999995,42.71355700000001,26499.761083175737
RF,100,0.01,360,12,0.009722222222222222,3820.618391666667,38.20618391666667,37.973265,1.6966609723786028,41.318099000000004,43.161564200000015,26223.99186295387
RF,100,0.05,360,12,0.051111111111111114,3912.303697222222,39.12303697222222,38.991805,1.7097715971856065,42.171159,44.339283300000005,25608.144881988923
RF,100,0.1,360,12,0.09969444444444445,4044.2587,40.442586999999996,40.327585,1.7444321931914646,43.92123,45.87537370000001,24771.124095356277
RF,100,0.5,360,12,0.5050555555555556,4770.220438888889,47.702204388888894,47.289985,1.8855378235732987,51.563685500000005,52.67635020000001,20995.318500999427
RF,100,1.0,360,12,1.0,5345.511094444444,53.45511094444445,53.02348,2.010115495234221,57.5733225,59.2272076,18732.1661828184
SGD,1,0.0,360,12,0.0,158.38885,158.38885,154.324,16.917577708096125,188.96025,232.35931000000008,6372.3401823806835
SGD,1,0.01,360,12,0.011111111111111112,157.46618333333333,157.46618333333333,152.078,15.79886677610745,192.9819,206.05082000000002,6406.895555442648
SGD,1,0.05,360,12,0.04722222222222222,156.84566388888888,156.84566388888888,151.971,15.342258914598988,190.16455,208.3897100000001,6427.698681485243
SGD,1,0.1,360,12,0.08888888888888889,158.33821388888887,158.33821388888887,153.345,16.73438608292842,185.45400000000004,232.25583000000017,6373.997477431365
SGD,1,0.5,360,12,0.49722222222222223,157.6686388888889,157.6686388888889,153.5195,17.969636309476662,185.90475,223.04336000000023,6403.457383130752
SGD,1,1.0,360,12,1.0,157.9445472222222,157.9445472222222,152.7875,18.282142061277685,192.71680000000003,217.86821000000003,6396.430701651569
SGD,8,0.0,360,12,0.0,160.2355,20.0294375,19.345375,2.1707738327589414,24.623787500000006,28.387038750000045,50409.32850996382
SGD,8,0.01,360,12,0.010416666666666666,160.0692,20.00865,19.5336875,1.7084442293455528,23.1475,26.08900375,50302.075503107284
SGD,8,0.05,360,12,0.050347222222222224,161.28754166666667,20.160942708333334,19.5358125,2.289103499353567,24.26100625000001,28.553052500000003,50108.1359992967
SGD,8,0.1,360,12,0.1,161.58795833333335,20.19849479166667,19.6796875,1.9669105984151098,23.76216875,26.487216250000014,49902.96087095882
SGD,8,0.5,360,12,0.48854166666666665,162.31410277777778,20.289262847222222,19.711,2.104294479447321,23.75534375,28.914376250000004,49714.0598838796
SGD,8,1.0,360,12,1.0,160.45379722222222,20.056724652777778,19.410375000000002,2.0685917037978077,24.10788125,28.558670000000014,50305.19257690377
SGD,16,0.0,360,12,0.0,161.85387777777777,10.11586736111111,9.818593750000002,0.9548801163322334,12.065603125,13.016533125000008,99617.80283817653
SGD,16,0.01,360,12,0.011284722222222222,161.49274722222222,10.093296701388889,9.86415625,0.975498303802073,11.813775000000003,13.088025625000009,99825.87128975238
SGD,16,0.05,360,12,0.04913194444444444,162.80764166666665,10.175477604166666,9.877125,1.025956445962796,11.98150625,14.408941875000007,99110.70476457026
SGD,16,0.1,360,12,0.11006944444444444,164.23688055555556,10.264805034722222,9.996625,1.0268091336629337,12.5620125,13.994610000000003,98263.94844977744
SGD,16,0.5,360,12,0.5015625,162.63186666666667,10.164491666666667,9.92440625,0.903385258675346,12.085621875,13.507009375000003,99053.73453286085
SGD,16,1.0,360,12,1.0,162.14471666666665,10.134044791666666,9.86834375,1.0478244111261372,12.295665625000002,13.934810625000017,99547.47382037326
SGD,32,0.0,360,12,0.0,164.1778638888889,5.130558246527778,4.959015624999999,0.5571024967800381,6.3542984375000024,7.46094625,196769.76853473377
SGD,32,0.01,360,12,0.011197916666666667,164.74169444444445,5.148177951388889,5.0159375,0.48908940711640647,6.03694375,6.911274687500005,195675.54137177442
SGD,32,0.05,360,12,0.051909722222222225,165.64535833333332,5.176417447916666,5.029,0.504167234405427,6.084871875,7.156891875000005,194668.85481236817
SGD,32,0.1,360,12,0.10026041666666667,163.95902222222222,5.123719444444444,5.009437500000001,0.44303906531480525,5.9638796875,6.726977500000014,196433.3042325307
SGD,32,0.5,360,12,0.49539930555555556,166.7845111111111,5.212015972222222,5.059734375,0.5589704623170698,6.3275531250000006,7.652510312500003,193654.63212164896
SGD,32,1.0,360,12,1.0,164.85418055555556,5.151693142361111,5.001625,0.5272903806798438,6.1701359375000004,6.799664375,195759.6243537726
SGD,64,0.0,360,12,0.0,170.9549111111111,2.671170486111111,2.59084375,0.2769602768387533,3.2630625,3.662755625,377799.11808180786
SGD,64,0.01,360,12,0.009635416666666667,170.24041111111111,2.660006423611111,2.5851953125,0.2716484335763546,3.19733671875,3.5932178125000007,379100.58234333346
SGD,64,0.05,360,12,0.050520833333333334,170.30043333333333,2.6609442708333333,2.583765625,0.2516792224111524,3.13165,3.539607656250001,378545.05289763905
SGD,64,0.1,360,12,0.10160590277777778,170.4552361111111,2.663363064236111,2.57903125,0.2643825883919779,3.315134375,3.6323489062500003,378560.89110406884
SGD,64,0.5,360,12,0.5068576388888889,169.36825555555555,2.6463789930555555,2.5770625000000003,0.2543417814249909,3.0687578125000003,3.6269017187500023,380696.862016613
SGD,64,1.0,360,12,1.0,170.08001388888889,2.657500217013889,2.5754921875,0.2828975773681195,3.160885156250001,3.5223509375,379684.7305860494
SGD,100,0.0,360,12,0.0,174.75428888888888,1.747542888888889,1.6965750000000002,0.1639071049783479,2.0478735,2.4650339999999997,576487.6821954991
SGD,100,0.01,360,12,0.010277777777777778,176.85324722222222,1.7685324722222222,1.725765,0.16697074605332415,2.0919155000000003,2.4193756000000017,569765.8375230381
SGD,100,0.05,360,12,0.05022222222222223,177.8195472222222,1.7781954722222222,1.72164,0.17237275570393534,2.1447955,2.4624432,566890.6489001141
SGD,100,0.1,360,12,0.10161111111111111,176.12895,1.7612895,1.7138050000000002,0.15909434549346635,2.12874,2.2550967,571799.5704281401
SGD,100,0.5,360,12,0.5009722222222222,175.52232777777778,1.7552232777777776,1.714635,0.1595238917509397,2.0681605000000003,2.319903400000002,573581.5974126525
SGD,100,1.0,360,12,1.0,175.48685833333334,1.7548685833333335,1.699335,0.17471454652713506,2.060432,2.4914113000000033,574599.3251910046
