model,split,n,malicious_fraction,accuracy,balanced_accuracy,precision,recall,f1,mcc,average_precision,roc_auc,false_positive_rate,tn,fp,fn,tp
LoR,validation,50000,0.5,0.49632,0.49632,0.010638297872340425,8e-05,0.0001588057805304113,-0.060127328555850575,0.6644216972609623,0.82101724,0.00744,24814,186,24998,2
LoR,test,200000,0.5,0.49712,0.49712,0.2696,0.00337,0.00665679012345679,-0.036543817069892084,0.6663070037633717,0.7797298689500001,0.00913,99087,913,99663,337
LoR,test_prevalence_0.0100,100000,0.01,0.981,0.49644444444444447,0.0022123893805309734,0.002,0.0021008403361344537,-0.007475543695082543,0.025787624728794815,0.7756819545454546,0.009111111111111111,98098,902,998,2
LoR,test_prevalence_0.0500,100000,0.05,0.94154,0.4976315789473684,0.024719101123595506,0.0044,0.007470288624787776,-0.010992132933872873,0.11992561660564588,0.7817856810526316,0.009136842105263158,94132,868,4978,22
LoR,test_prevalence_0.1000,100000,0.1,0.89209,0.49711666666666665,0.03958090803259604,0.0034,0.006262086748319367,-0.018746615573045616,0.21714579964096217,0.7826275294444445,0.009166666666666667,89175,825,9966,34
LoR,test_prevalence_0.5000,100000,0.5,0.4975,0.4975,0.2909698996655518,0.00348,0.006877742203249141,-0.03242588628733726,0.6695129911004094,0.7823767782000001,0.00848,49576,424,49826,174
SGD,validation,50000,0.5,0.49258,0.49257999999999996,0.005333333333333333,8e-05,0.00015763546798029557,-0.0860018940294821,0.6827522725955572,0.83875952,0.01492,24627,373,24998,2
SGD,test,200000,0.5,0.49459,0.49459,0.22759315206445116,0.00452,0.00886396172023611,-0.0545619257524778,0.6730654874491159,0.78738691335,0.01534,98466,1534,99548,452
SGD,test_prevalence_0.0100,100000,0.01,0.97486,0.49383838383838385,0.001973684210526316,0.003,0.002380952380952381,-0.010021815875054844,0.02720161424352539,0.7829517171717172,0.015323232323232324,97483,1517,997,3
SGD,test_prevalence_0.0500,100000,0.05,0.93573,0.49514210526315794,0.018880647336480108,0.0056,0.008637976245565325,-0.017518573347971342,0.12536884845998228,0.7896865084210527,0.01531578947368421,93545,1455,4972,28
SGD,test_prevalence_0.1000,100000,0.1,0.88655,0.4946166666666667,0.03266157053509382,0.0047,0.008217501529854008,-0.02712186655155763,0.22489011987035856,0.7904385488888888,0.015466666666666667,88608,1392,9953,47
SGD,test_prevalence_0.5000,100000,0.5,0.49504,0.49504000000000004,0.24273858921161826,0.00468,0.009182952672474688,-0.05076292212742732,0.6758840064052273,0.7896912478,0.0146,49270,730,49766,234
NB,validation,50000,0.5,0.78318,0.78318,0.6975251806590218,1.0,0.8218142371098437,0.6285303185352665,0.636039141021697,0.7918501376,0.43364,14159,10841,0,25000
NB,test,200000,0.5,0.769555,0.769555,0.7316461135221072,0.85138,0.7869849559771682,0.5464773547721611,0.6463382371566149,0.76431512005,0.31227,68773,31227,14862,85138
NB,test_prevalence_0.0100,100000,0.01,0.6893,0.7653737373737374,0.026546164504345635,0.843,0.051471486139943824,0.11343848036490096,0.023539889717119934,0.7596772676767677,0.3122525252525252,68087,30913,157,843
NB,test_prevalence_0.0500,100000,0.05,0.69623,0.7707736842105264,0.12585144339928642,0.8536,0.21936113895099324,0.24931139617667833,0.1107191147812434,0.7666538842105264,0.31205263157894736,65355,29645,732,4268
NB,test_prevalence_0.1000,100000,0.1,0.70467,0.7716166666666666,0.233439777286498,0.8553,0.36677458779133343,0.33823990852660074,0.20289703450557323,0.7669095494444444,0.31206666666666666,61914,28086,1447,8553
NB,test_prevalence_0.5000,100000,0.5,0.77035,0.7703500000000001,0.7323752385209125,0.85206,0.7876972571206701,0.5480679019786865,0.6450725218054109,0.7638269101999999,0.31136,34432,15568,7397,42603
DT,validation,50000,0.5,0.49996,0.49995999999999996,0.3333333333333333,8e-05,0.00015996160921378868,-0.003651702825444094,0.499992,0.49994000320000004,0.00016,24996,4,24998,2
DT,test,200000,0.5,0.49977,0.49977,0.08928571428571429,5e-05,9.994403134244823e-05,-0.013747053729607663,0.4999676208791209,0.49975499175000004,0.00051,99949,51,99995,5
DT,test_prevalence_0.0100,100000,0.01,0.98952,0.49975757575757573,0.0,0.0,0.0,-0.002202456183182651,0.01,0.49972727272727274,0.00048484848484848484,98952,48,1000,0
DT,test_prevalence_0.0500,100000,0.05,0.94953,0.4997526315789474,0.0,0.0,0.0,-0.004974783803140646,0.05,0.49972105263157895,0.0004947368421052632,94953,47,5000,0
DT,test_prevalence_0.1000,100000,0.1,0.89952,0.4997333333333333,0.0,0.0,0.0,-0.007304720776815115,0.1,0.4997111111111111,0.0005333333333333334,89952,48,10000,0
DT,test_prevalence_0.5000,100000,0.5,0.4997,0.49970000000000003,0.058823529411764705,4e-05,7.994563696686254e-05,-0.016272550905231446,0.49996604826546004,0.49968998480000004,0.00064,49968,32,49998,2
RF,validation,50000,0.5,0.49996,0.49996,0.25,4e-05,7.998720204767237e-05,-0.004472314851171621,0.9965135931343828,0.9990277184,0.00012,24997,3,24999,1
RF,test,200000,0.5,0.499985,0.49998499999999996,0.42105263157894735,8e-05,0.00015996960577490277,-0.001539040634294173,0.9251535398590781,0.9143043101,0.00011,99989,11,99992,8
RF,test_prevalence_0.0100,100000,0.01,0.98989,0.49994444444444447,0.0,0.0,0.0,-0.0010541505332632797,0.5463298347617955,0.9063060757575758,0.00011111111111111112,98989,11,1000,0
RF,test_prevalence_0.0500,100000,0.05,0.9499,0.500042105263158,0.08333333333333333,0.0002,0.0003990422984836393,0.0016755161671529214,0.7711692769598326,0.914809325263158,0.00011578947368421052,94989,11,4999,1
RF,test_prevalence_0.1000,100000,0.1,0.89992,0.5000444444444445,0.16666666666666666,0.0002,0.00039952057530962844,0.0024344685502960626,0.8226486413134455,0.9158745783333333,0.00011111111111111112,89990,10,9998,2
RF,test_prevalence_0.5000,100000,0.5,0.49995,0.49995,0.2222222222222222,4e-05,7.998560259153353e-05,-0.005270699953782042,0.9249074773202229,0.9143429664,0.00014,49993,7,49998,2
GB,validation,50000,0.5,0.49982,0.49982000000000004,0.09090909090909091,4e-05,7.996481548118828e-05,-0.01213693266036752,0.9506195678635363,0.9660434528,0.0004,24990,10,24999,1
GB,test,200000,0.5,0.499825,0.499825,0.2891566265060241,0.00024,0.00047960193039776986,-0.008592195204809023,0.8992245313873565,0.89169861865,0.00059,99941,59,99976,24
GB,test_prevalence_0.0100,100000,0.01,0.98941,0.4997020202020202,0.0,0.0,0.0,-0.0024419488522432597,0.1628750585901741,0.8883341464646466,0.000595959595959596,98941,59,1000,0
GB,test_prevalence_0.0500,100000,0.05,0.94949,0.5000157894736842,0.05263157894736842,0.0006,0.0011864741941862765,0.0002883572237889033,0.4741299413537666,0.8931556800000001,0.0005684210526315789,94946,54,4997,3
GB,test_prevalence_0.1000,100000,0.1,0.8995,0.4998111111111111,0.037037037037037035,0.0002,0.00039785160135269546,-0.004878407487556219,0.6256476898055088,0.892905395,0.0005777777777777778,89948,52,9998,2
GB,test_prevalence_0.5000,100000,0.5,0.49977,0.49977,0.23255813953488372,0.0002,0.0003996562955857962,-0.011093970370013565,0.8990493428505363,0.8920457082000001,0.00066,49967,33,49990,10
AB,validation,50000,0.5,0.4995,0.4995,0.0,0.0,0.0,-0.022366272042129223,0.9859355453750506,0.9899679744,0.001,24975,25,25000,0
AB,test,200000,0.5,0.499535,0.499535,0.20382165605095542,0.00032,0.0006389967750631509,-0.016603079676451124,0.9279126476534441,0.90511509245,0.00125,99875,125,99968,32
AB,test_prevalence_0.0100,100000,0.01,0.98878,0.49987878787878787,0.008064516129032258,0.001,0.0017793594306049821,-0.0006854128330253038,0.3084497210371124,0.9016420050505051,0.0012424242424242424,98877,123,999,1
AB,test_prevalence_0.0500,100000,0.05,0.94883,0.4996684210526316,0.024390243902439025,0.0006,0.0011711887565879367,-0.004123618209505093,0.6511010011201649,0.9070587621052631,0.0012631578947368421,94880,120,4997,3
AB,test_prevalence_0.1000,100000,0.1,0.89895,0.49955,0.02702702702702703,0.0003,0.0005934131144298289,-0.008108554537314006,0.762111462537675,0.9079877366666667,0.0012,89892,108,9997,3
AB,test_prevalence_0.5000,100000,0.5,0.49952,0.49952,0.17567567567567569,0.00026,0.0005192315373247593,-0.01765168326176322,0.9287003706030772,0.9060301265999999,0.00122,49939,61,49987,13
MLP,validation,50000,0.5,0.49984,0.49984,0.2777777777777778,0.0002,0.00039971220721080823,-0.008434258730346733,0.8616701172000002,0.919075016,0.00052,24987,13,24995,5
MLP,test,200000,0.5,0.50007,0.50007,0.5225806451612903,0.00162,0.003229987040175456,0.0017793813333209863,0.8185456598724907,0.8495659208999999,0.00148,99852,148,99838,162
MLP,test_prevalence_0.0100,100000,0.01,0.98854,0.49926262626262624,0.0,0.0,0.0,-0.003843050551617359,0.0521445642074655,0.8452329797979798,0.0014747474747474748,98854,146,1000,0
MLP,test_prevalence_0.0500,100000,0.05,0.94866,0.5000526315789474,0.05333333333333334,0.0016,0.0031067961165048546,0.0005927936398373413,0.22421688497330164,0.8519356410526315,0.001494736842105263,94858,142,4992,8
MLP,test_prevalence_0.1000,100000,0.1,0.89884,0.5001111111111111,0.11333333333333333,0.0017,0.003349753694581281,0.0017226183802830784,0.37327062961864316,0.8526995377777777,0.0014777777777777777,89867,133,9983,17
MLP,test_prevalence_0.5000,100000,0.5,0.50001,0.50001,0.5031446540880503,0.0016,0.0031898562571024145,0.00025098454337711494,0.8195467371192201,0.8505655589999999,0.00158,49921,79,49920,80
