model,batch_size,n_independent_processes,mean_benign_us_per_flow,mean_malicious_us_per_flow,paired_difference_benign_minus_malicious_us,ci95_low_us,ci95_high_us,paired_cohen_dz,p_sign_flip_raw,p_bh,significant_bh_0_05
AB,1,12,7852.306333333333,7838.961488888889,13.344844444444638,-6.284701799376572,32.97439068826585,0.4319462883548947,0.16455078125,0.49365234375,False
DT,1,12,88.49542222222222,88.433,0.06242222222222319,-1.1475247835098978,1.2723692279543444,0.0327792768011874,0.9091796875,0.949966755319149,False
GB,1,12,221.95486944444443,221.1962638888889,0.7586055555555546,-3.9748556883519983,5.492066799463108,0.10182717250703015,0.7275390625,0.903515625,False
LoR,1,12,154.3643111111111,154.76891944444446,-0.40460833333333096,-2.6227700466939132,1.8135533800272514,-0.11589590997442516,0.69384765625,0.903515625,False
MLP,1,12,175.3907222222222,176.63621944444444,-1.2454972222222338,-3.0766019426569935,0.5856074982125259,-0.43217144919134165,0.15673828125,0.49365234375,False
NB,1,12,107.74233333333332,107.40540555555555,0.3369277777777799,-1.903668772435329,2.5775243279908886,0.09554316987521423,0.74072265625,0.903515625,False
RF,1,12,3024.2924222222223,3014.7952972222224,9.49712500000002,-5.613970881173774,24.608220881173814,0.3993214912549061,0.19189453125,0.5418198529411765,False
SGD,1,12,157.1127277777778,156.26847222222221,0.844255555555551,-2.179663265636723,3.8681743767478247,0.17739047245549733,0.55029296875,0.8520665322580645,False
AB,8,12,1007.8992690972221,1008.042104861111,-0.14283576388887317,-3.334949367007974,3.0492778392302275,-0.028430540364437647,0.92333984375,0.949966755319149,False
DT,8,12,11.308059027777778,11.318286111111112,-0.0102270833333337,-0.18702869309196837,0.166574526425301,-0.036752938780647185,0.90625,0.949966755319149,False
GB,8,12,29.1481625,28.805857291666666,0.34230520833333394,-0.09681866609802009,0.7814290827646879,0.4952824609483635,0.1142578125,0.49365234375,False
LoR,8,12,19.655786111111112,19.512281597222223,0.14350451388888885,-0.16563472908835658,0.4526437568661343,0.2949428783018339,0.33154296875,0.7578125,False
MLP,8,12,23.470220486111106,23.62470138888889,-0.15448090277777857,-0.686765134522661,0.3778033289671038,-0.1843986296087161,0.5322265625,0.8520665322580645,False
NB,8,12,14.649753125000002,14.500284027777779,0.14946909722222199,-0.0355776288824331,0.33451582332687707,0.5132116388462393,0.1005859375,0.49365234375,False
RF,8,12,385.09171979166666,383.007315625,2.084404166666682,-0.5595139222065741,4.728322255539938,0.5009108372963481,0.109375,0.49365234375,False
SGD,8,12,19.969872569444444,20.099171875,-0.12929930555555558,-0.541310534181797,0.2827119230706859,-0.1993947097424942,0.4970703125,0.8520665322580645,False
AB,16,12,508.66174913194436,509.7517986111111,-1.0900494791666517,-3.1199511843166103,0.9398522259833069,-0.3411911005312167,0.265625,0.6375,False
DT,16,12,5.739199131944445,5.727669618055555,0.011529513888888973,-0.08198688095703267,0.10504590873481061,0.07833389692468672,0.79052734375,0.9254954268292683,False
GB,16,12,14.912143055555555,14.727032638888888,0.18511041666666608,-0.07541269362068567,0.4456335269540178,0.45145149475973284,0.14404296875,0.49365234375,False
LoR,16,12,9.941980381944445,10.138194791666665,-0.19621440972222226,-0.3701889277349675,-0.022239891709477072,-0.7165916570916959,0.02001953125,0.16015625,False
MLP,16,12,12.073631944444443,12.10924982638889,-0.03561788194444452,-0.2774132942549858,0.20617753036609676,-0.09359368028565943,0.7529296875,0.903515625,False
NB,16,12,7.613689930555554,7.494841666666667,0.11884826388888896,0.04361248963434347,0.19408403814343445,1.0036792339119496,0.0068359375,0.065625,False
RF,16,12,194.74673402777776,192.9493012152778,1.7974328124999914,0.2734638339896007,3.3214017910103824,0.7493816082711399,0.0263671875,0.18080357142857142,False
SGD,16,12,10.057523090277778,10.017810416666665,0.03971267361111094,-0.08440909953180686,0.16383444675402872,0.20328608250063007,0.490234375,0.8520665322580645,False
AB,32,12,258.1304490451389,257.8221875,0.3082615451388951,-0.6345529975050948,1.2510760877828848,0.2077397332045013,0.49365234375,0.8520665322580645,False
DT,32,12,2.889788368055555,2.899029340277778,-0.009240972222222235,-0.07041974692328754,0.05193780247884306,-0.09597174281653353,0.740234375,0.903515625,False
GB,32,12,7.797719791666668,7.786789496527777,0.010930295138889212,-0.1184292314091463,0.14028982168692472,0.05368586597463621,0.8544921875,0.949966755319149,False
LoR,32,12,5.093506597222222,5.031401736111111,0.062104861111110944,-0.04709730415696455,0.17130702637918643,0.36134399065124856,0.244140625,0.6167763157894737,False
MLP,32,12,6.431662413194444,6.444576996527776,-0.012914583333333063,-0.1286545050937552,0.10282533842708906,-0.070896322113109,0.8251953125,0.9430803571428571,False
NB,32,12,3.9768186631944435,3.9504691840277775,0.026349479166666745,-0.061992465825086274,0.11469142415841976,0.189509754861601,0.5380859375,0.8520665322580645,False
RF,32,12,100.10802239583332,97.92201119791667,2.186011197916663,1.565646665261219,2.8063757305721073,2.238885652232354,0.00048828125,0.005859375,True
SGD,32,12,5.138655295138888,5.11288828125,0.025767013888889023,-0.07978858333592213,0.1313226111137002,0.15509911353251138,0.5947265625,0.8618303571428572,False
AB,64,12,132.20267617187497,132.3240787326389,-0.12140256076388785,-0.46847754430091526,0.2256724227731396,-0.22224450257780307,0.447265625,0.8520665322580645,False
DT,64,12,1.5122387152777776,1.5046595486111112,0.007579166666666655,-0.02180296648905519,0.0369612998223885,0.1638945930060904,0.6025390625,0.8618303571428572,False
GB,64,12,4.204592621527778,4.25955568576389,-0.05496306423611134,-0.13246813995388612,0.022542011481663453,-0.4505751992999494,0.1484375,0.49365234375,False
LoR,64,12,2.608688194444444,2.634350911458333,-0.02566271701388889,-0.06213805318672373,0.01081261915894595,-0.4470229529302692,0.1484375,0.49365234375,False
MLP,64,12,3.545858940972222,3.5459599392361114,-0.000100998263888837,-0.06458274766753978,0.06438075113976212,-0.0009951844660111076,0.99560546875,0.99560546875,False
NB,64,12,2.1874113281249996,2.194779427083333,-0.007368098958333273,-0.039666841850304384,0.02493064393363784,-0.1449426916402579,0.62841796875,0.8618303571428572,False
RF,64,12,52.173723437499994,50.81061323784723,1.3631101996527792,1.0677567700116304,1.658463629293928,2.932347534949734,0.00048828125,0.005859375,True
SGD,64,12,2.6694494357638887,2.6507628038194446,0.018686631944444605,-0.029991025830281997,0.0673642897191712,0.24390901367325124,0.41845703125,0.8520665322580645,False
AB,100,12,87.8599148888889,87.78006258333333,0.07985230555555489,-0.2672996124680568,0.42700422357916656,0.146148506688684,0.62060546875,0.8618303571428572,False
DT,100,12,0.9938611388888888,1.0025995555555556,-0.008738416666666674,-0.02037954177222942,0.0029027084388960726,-0.4769405890664154,0.12646484375,0.49365234375,False
GB,100,12,2.921631916666667,3.0318846388888896,-0.11025272222222227,-0.1474238856335678,-0.07308155881087672,-1.8845586529053133,0.00048828125,0.005859375,True
LoR,100,12,1.7636047222222222,1.7526941666666664,0.010910555555555626,-0.006728860112434199,0.028549971223545453,0.3929969338207434,0.20361328125,0.54296875,False
MLP,100,12,2.5069640277777783,2.495952722222222,0.011011305555555665,-0.021804722111468014,0.04382733322257934,0.2131961198624396,0.46826171875,0.8520665322580645,False
NB,100,12,1.58544125,1.586358888888889,-0.0009176388888889423,-0.024070527140715187,0.0222352493629373,-0.025182168529989432,0.93017578125,0.949966755319149,False
RF,100,12,34.84057111111111,33.72866686111111,1.1119042499999992,0.9564839861055344,1.267324513894464,4.54554790964089,0.00048828125,0.005859375,True
SGD,100,12,1.7887944722222222,1.775694111111111,0.01310036111111105,-0.015082705309768627,0.04128342753199073,0.2953394857305393,0.37646484375,0.8213778409090909,False
